{
  "TransE": {
    "MRR": 0.00938116479665041,
    "Hits@1": 0.0009057971014492754,
    "Hits@3": 0.009057971014492754,
    "Hits@10": 0.025362318840579712
  },
  "ComplEx": {
    "MRR": 0.031332578510046005,
    "Hits@1": 0.019021739130434784,
    "Hits@3": 0.03351449275362319,
    "Hits@10": 0.05434782608695652
  }
}